Models,Accuracy,Precision,Recall,F1 Score
Logistic Regression,0.857954545,0.858186623,0.857954545,0.8580427
Decision Tree,0.994318182,0.994390104,0.994318182,0.994321708
Random Forest,0.954545455,0.957975986,0.954545455,0.954208219
Naïve Bayes,0.846590909,0.846836333,0.846590909,0.846686116
Support Vector Machines,0.857954545,0.86150761,0.857954545,0.85837413
Gradient Boosted Trees,0.994318182,0.994390104,0.994318182,0.994321708
Mulitlayer Precptron,0.971590909,0.971615506,0.971590909,0.971571371
